{"train/loss_cls": 0.0012021036338376234, "train/loss_bbox": 0.0006270156460232102, "train/loss_offset": 0.004154913809616119, "train/loss": 0.005984033113142004, "learning_rate": 6e-05, "momentum": 0.9, "_timestamp": 1647518310, "_runtime": 153485, "_step": 89281, "val/MR_Reasonable": 11.19, "val/MR_Small": 17.195, "val/MR_Middle": 5.682, "val/MR_Large": 8.3, "val/MR_Bare": 7.806, "val/MR_Partial": 10.14, "val/MR_Heavy": 37.015, "val/MR_R+HO": 24.061, "_wandb": {"runtime": 153487}}