{"train/loss_cls": 0.0008069391396864489, "train/loss_bbox": 0.0005291436525294557, "train/loss_offset": 0.0043288822355680165, "train/loss": 0.00566496506236291, "learning_rate": 6e-05, "momentum": 0.9, "_timestamp": 1648043723, "_runtime": 154085, "_step": 89281, "val/MR_Reasonable": 11.306, "val/MR_Small": 19.826, "val/MR_Middle": 5.833, "val/MR_Large": 7.501, "val/MR_Bare": 7.6, "val/MR_Partial": 10.659, "val/MR_Heavy": 37.37, "val/MR_R+HO": 24.206, "_wandb": {"runtime": 154086}}