{"train/loss_cls": 0.0011192262689291965, "train/loss_bbox": 0.000675132725154981, "train/loss_offset": 0.005466329241171479, "train/loss": 0.007260688222013414, "learning_rate": 6e-05, "momentum": 0.9, "_timestamp": 1648097686, "_runtime": 143384, "_step": 44641, "val/MR_Reasonable": 10.122, "val/MR_Small": 19.316, "val/MR_Middle": 5.67, "val/MR_Large": 6.563, "val/MR_Bare": 6.544, "val/MR_Partial": 10.008, "val/MR_Heavy": 34.395, "val/MR_R+HO": 22.184, "_wandb": {"runtime": 143384}}