{"train/loss_cls": 0.0011173829340259546, "train/loss_bbox": 0.0006986469551338814, "train/loss_offset": 0.005480900960974395, "train/loss": 0.007296930840238929, "learning_rate": 6e-05, "momentum": 0.9, "_timestamp": 1648088715, "_runtime": 133179, "_step": 44641, "val/MR_Reasonable": 10.199, "val/MR_Small": 17.57, "val/MR_Middle": 4.889, "val/MR_Large": 6.794, "val/MR_Bare": 7.231, "val/MR_Partial": 8.741, "val/MR_Heavy": 34.525, "val/MR_R+HO": 22.248, "_wandb": {"runtime": 133180}}